{"cameraMode":{"drawMode":0,"name":"Shaded","section":"Shading Mode"},"sceneLighting":false,"audioPlay":false,"sceneViewState":{"showFog":true,"showMaterialUpdate":false,"showSkybox":true,"showFlares":true,"showImageEffects":true,"showParticleSystems":true},"in2DMode":false,"pivot":{"x":-7.473099708557129,"y":3.605208158493042,"z":32.962440490722659},"rotation":{"x":0.0848112553358078,"y":0.8520349264144898,"z":-0.14581932127475739,"w":0.4955618679523468},"size":10.987284660339356,"orthographic":false}